{"options":{"validator":{"$jsonSchema":{"bsonType":"object","required":["id","login_id","username","password"],"properties":{"login_id":{"bsonType":"int"},"password":{"bsonType":"string"},"profile":{"bsonType":"object","required":["firstname","middlename","lastname","date_signed","age","occupation","birthday","address"],"properties":{"firstname":{"bsonType":"string"},"occupation":{"bsonType":"string"},"address":{"bsonType":"string"},"date_signed":{"bsonType":"date"},"middlename":{"bsonType":"string"},"age":{"bsonType":"int"},"lastname":{"bsonType":"string"},"birthday":{"bsonType":"date"}}},"passphrase":{"bsonType":"string"},"id":{"bsonType":"objectId"},"username":{"bsonType":"string"}}}},"validationLevel":"off","validationAction":"error"},"indexes":[{"v":{"$numberInt":"2"},"key":{"_id":{"$numberInt":"1"}},"name":"_id_"},{"v":{"$numberInt":"2"},"key":{"id":{"$numberInt":"1"}},"name":"idx_login","sparse":true},{"v":{"$numberInt":"2"},"key":{"profile":{"$numberInt":"1"}},"name":"idx_profile_login","sparse":true},{"v":{"$numberInt":"2"},"key":{"username":{"$numberInt":"1"}},"name":"idx_username_login"}],"uuid":"c10b9ea7c9034b95a5fa4feb50fc68e8","collectionName":"login","type":"collection"}